Sector;Cave;Basin;Hidro;Distance;Subs.Div.;Shelter.Div.;Trophic.Div.;Shelter.Av.;Trophic.Av.;GU;FZ;CRC;DTV;TM;ST;WP;DP;CR;FG;AL;BF;ACT;BAM;OTO;RL;RR;RC;XB;MB;SB;CB;CAG;CAF;ARE;SEF;HP;ES;ESC;GRR;BM
S1Q1 ;Padre;SF;Dis;15;0.744261968;0.744261968;0;10000;0;;;;0;;;;;;;;;;;;;;;;;4486.2;5397.45;;116.35;;;;0;;;
S1Q2 ;Padre;SF;Dis;20;0.516528552;0.516528552;0;10000;0;;;;0;;;;;;;;;;;;;;;8085.29;;;;64.41;1850.3;;;;0;;;
S1Q3 ;Padre;SF;Dis;25;1.367097561;1.239347042;0;9550;450;;;;450;;;;;;;;;;;;;;;;;1742.58;2204.65;4587.38;1015.39;;;;0;;;
S2Q1 ;Padre;SF;Dis;135;1.211580656;1.167251638;0;9900;0;;;;0;;;;;;;;;;;;;;;;1198.95;2478.1;5385.82;;765;;;100;0;;72.13;
S2Q2 ;Padre;SF;Dis;140;0;0;0;0;0;;;;0;;;;;;;;;;;;;10000;;;;;;;;;;;0;;;
S2Q3 ;Padre;SF;Dis;145;0;0;0;0;0;;;;0;;;;;;;;;;;;;10000;;;;;;;;;;;0;;;
S3Q1 ;Padre;SF;Dis;185;0.911730158;0;0.567300484;0;4124.6;;;;4124.6;;;;;;;;;;;;;;;;;;;;;;5875.4;;0;;;
S3Q2 ;Padre;SF;Dis;190;0.325104945;0;0;0;1000.1;;;;1000.1;;;;;;;;;;;;;;;;;;;;;;8999.9;;0;;;
S3Q3 ;Padre;SF;Dis;195;0.139918266;0;0;0;315;;;;315;;;;;;;;;;;;;;;;;;;;;;9685;;0;;;
S4Q1 ;Padre;SF;Dis;185;0;0;0;0;0;;;;0;;;;;;;;;;;;;;;;;;;;;;;;0;10000;;
S4Q2 ;Padre;SF;Dis;190;0.60289947;0.451984881;0;2066.57;0;;;;0;;;;;;;;;;;;;7933.43;;;1720.31;346.26;;;;;;;0;;;
S4Q3 ;Padre;SF;Dis;195;0;0;0;0;0;;;;0;;;;;;;;;;;;;;;;;;;;;;;;0;10000;;
S5Q1 ;Padre;SF;Dis;255;0.54374421;0;0;0;0;;;;0;;;;;;;;;;;;;;;;;;;;;2337.3;7662.7;;0;;;
S5Q2 ;Padre;SF;Dis;260;1.113997146;0.431268341;0;3525.9;0;;;;0;;;;;;;;;;;;;;;;;;;546.48;2979.42;5256.96;1217.14;;0;;;
S5Q3 ;Padre;SF;Dis;265;0.952649232;0.486029861;0;6955.4;0;;;;0;;;;;;;;;;;;;;;;5634.8;;;1320.6;;3044.6;;;0;;;
S6Q1 ;Padre;SF;Dis;315;1.172816753;0.938976398;0;8978.7;0;;;;0;;;;;;;;;;;;;;;;;;981.18;4911.88;3085.64;1021.3;;;0;;;
S6Q2 ;Padre;SF;Dis;320;1.357909974;1.08133907;0;8204.16;0;;;;0;;;;;;;;;;;;;;;;;2039.55;;3166.95;2997.66;1795.84;;;0;;;
S6Q3 ;Padre;SF;Dis;325;1.292532155;0.5050283;0;4945.51;0;;;;0;;;;1005.73;;;;;;;;;;;;;;;;3939.78;2657.19;2397.3;;0;;;
S7Q1 ;Padre;SF;Dis;365;1.026371114;1.057570404;0;3552.7;0;;;;0;;;;;;;;;;;;;;;;;;1670.43;882.27;;;6447.3;;0;;1000;
S7Q2 ;Padre;SF;Dis;370;0.647281661;0.755086556;0;1980.73;0;;;;0;;;;;;;;;;;;;;;;;;1003.91;26.82;;;8019.27;;0;;950;
S7Q3 ;Padre;SF;Dis;375;0.472926076;0;0;1810.13;0;;;;0;;;;;;;;;;;;;;;;;;1810.13;;;;8189.87;;0;;;
S8Q1 ;Padre;SF;Dis;405;0.746344819;0.984979099;0;2212.2;0;;;;0;;;;;;;;;;;;;;;;;349.26;665.28;1197.66;;;7787.8;;0;;;
S8Q2;Padre;SF;Dis;410;0.468278846;0.712428997;0;1259.25;0;;;;0;;;;;;;;;;;;;;;;;;94.17;218.54;;;8740.75;;946.54;;;
S8Q3;Padre;SF;Dis;415;0.526554919;0.647324867;0;918.23;0;;;;0;;;;;;;;;;;;;;;;;;597.03;;321.2;388.27;8693.5;;0;;;
S9Q1;Padre;SF;Dis;435;0.551764587;0.611335197;0;1663.58;0;;;;0;;;;;;;;;;;;;;;;;;;1163.58;500;;8336.42;;0;;;
S9Q2;Padre;SF;Dis;440;1.126200167;0;0;1522;1090.77;1090.77;;;0;;;;;;;;;;;;;;;;;;;;1522;1511.15;5876.08;;0;;;
S9Q3;Padre;SF;Dis;445;0.862991029;0.589030871;0;3578.8;0;;;;0;;;;;;;;;;;;;;;;;;;987.36;2591.44;;6421.2;;0;;;
S10Q1 ;Padre;SF;Dis;435;1.256127338;0.857169772;0;4295.98;661.58;661.58;;;0;;;;;;;;;;;;;;;;;485.38;975.1;2835.5;;;5042.44;;0;;;
S10Q2;Padre;SF;Dis;440;1.103496562;1.087346103;0;3970.29;0;;;;0;;;;;;;;;;;;;;;;;;1120.96;1596.73;1252.6;;6029.71;;0;;;
S10Q3;Padre;SF;Dis;445;0.610864302;0;0;3000;0;;;;0;;;;;;;;;;;;;;;;;;3000;;;;7000;;0;;;
S11Q1 ;Padre;SF;Dis;475;0.884735793;0.41613157;0;4659.73;0;;;;0;;;;;;;;;;;;;;;;;;;;681.44;;5340.27;;3978.29;;;
S11Q2 ;Padre;SF;Dis;480;0.18367386;0;0;450.5;0;;;;0;;;;;;;;;;;;;;;;;;;;450.5;;9549.5;;0;;;
S11Q3;Padre;SF;Dis;485;1.276015074;0.996856871;0;6085.24;0;;;;0;;;;;;;;;;;;;;;;;;1898.4;3197.54;989.3;;3914.76;;0;;;
S12Q1;Padre;SF;Dis;235;0.641008943;0;0;0;0;;;;0;;;;;;;;;;;;;;;;;;;;;3399.6;6600.4;;0;;;
S12Q2;Padre;SF;Dis;240;0.594229452;0;0;0;0;;;;0;;;;;;;;;;;;;;;;;;;;;2813.56;7186.44;;0;;;
S12Q3;Padre;SF;Dis;245;0;0;0;0;0;;;;0;;;;;;;;;;;;;;;;;;;;;;10000;;0;;;
S13Q1 ;Padre;SF;Dis;215;0.87302371;0;0;2232.4;0;;;;0;;;;;;;;;;;;;;;;;;;;2232.4;1246;6521.6;;0;;;
S13Q2;Padre;SF;Dis;220;0.739176041;0;0;5286.99;98.06;;;;98.06;;;;;;;;;;;;;;;;;;;;5286.99;;4614.95;;0;;;
S13Q3;Padre;SF;Dis;225;0.805730024;0;0;0;324.51;;;;324.51;;;;;;;;;;;;;;;;;;;;;4213.2;5462.29;;0;;;
S14Q1 ;Padre;SF;Dis;415;0.125834528;0;0;0;0;;;;0;;;;;;;;;;;;;;;;;;;;;274.7;9725.3;;0;;;
S14Q2 ;Padre;SF;Dis;420;0.40056953;0;0;0;92.46;;;;92.46;;;;;;;;;;;;;;;;;;;;;8794.86;1112.68;;0;;;
S14Q3 ;Padre;SF;Dis;425;0.488554659;0;0.009003912;0;1904.26;1902.05;;;2.21;;;;;;;;;;;;;;;;;;;;;;8095.74;;0;;;
S15Q1 ;Padre;SF;Dis;415;0.691152018;0;0;0;0;;;;0;;;;;;;;;;;;;;;;;;;;;5315.74;4684.26;;0;;;
S15Q2 ;Padre;SF;Dis;520;0.436110869;0;0;0;0;;;;0;;;;;;;;;;;;;;;;;;;;;1578.64;8421.36;;0;;;
S15Q3 ;Padre;SF;Dis;525;0.668940934;0;0;0;0;;;;0;;;;;;;;;;;;;;;;;;;;;3904.32;6095.68;;0;;;
S16Q1 ;Padre;SF;Dis;575;0.427621012;0;0;0;1528.5;;;;1528.5;;;;;;;;;;;;;;;;;;;;;;8471.5;;0;;;
S16Q2 ;Padre;SF;Dis;580;0.924338656;0;0;2710.12;1288.84;;;;1288.84;;;;;;;;;;;;;;;;;;;2710.12;;;6001.04;;0;;;
S16Q3 ;Padre;SF;Dis;585;1.34787848;0.693146009;0;5977.59;1395.14;;;;1395.14;;;;;;;;;;;;;;;;;;;2993.37;2984.22;;2627.27;;0;;;
S17Q1 ;Padre;SF;Dis;675;1.165461664;0.829866103;0;5878.36;0;;;;0;;;;;;;;;;;;;;;;;3956.6;;1357.6;564.16;;4121.64;;0;;;
S17Q2 ;Padre;SF;Dis;680;1.155492988;0.846758633;0;5525.54;0;;;;0;;;;;;;;;;;;;;;;;2738.42;253.35;2533.77;;;4474.46;;0;;;
S17Q3 ;Padre;SF;Dis;685;0.332628169;0;0;1034.64;0;;;;0;;;;;;;;;;;;;;;;;;;;;;8965.36;;0;;1034.64;
S18Q1 ;Padre;SF;Dis;775;0.069146357;0;0;0;129.48;;;;129.48;;;;;;;;;;;;;;;;;;;;;;9870.52;;0;;;
S18Q2 ;Padre;SF;Dis;780;0.684957647;0;0;6385.25;60.38;;;;60.38;;;;;;;;;;;;;;;;;;;;6385.25;;3554.37;;0;;;
S18Q3 ;Padre;SF;Dis;785;0.68189206;0;0;5748.76;0;;;;0;;;;;;;;;;;;;;;;;;;;5748.76;;4251.24;;0;;;
S19Q1 ;Padre;SF;Dis;875;0;0;0;0;0;;;;0;;;;;;;;;;;;;;;;;;;;;;10000;;0;;;
S19Q2 ;Padre;SF;Dis;880;0.291374845;0;0;0;0;;;;0;;;;;;;;;;;;;;;;;;;;;;9147.64;;0;;;852.36
S19Q3 ;Padre;SF;Dis;885;0;0;0;0;0;;;;0;;;;;;;;;;;;;;;;;;;;;;10000;;0;;;
S20Q1 ;Padre;SF;Dis;1075;0;0;0;0;0;;;;0;;;;;;;;;;;;;;;;;;;;;;10000;;0;;;
S20Q2 ;Padre;SF;Dis;1080;0.075232596;0;0;0;143.7;;;;143.7;;;;;;;;;;;;;;;;;;;;;;9856.3;;0;;;
S20Q3 ;Padre;SF;Dis;1085;0.826551258;0.575419036;0;9097.8;0;;;;0;;;;;;;;;;;;;;;6711.71;;2386.09;;;;;902.2;;0;;;
S21Q1 ;Padre;SF;Dis;1175;1.185826081;0.850593865;0;7902.1;0;;;;0;;;;;;;;;;;;;;;;;1304.52;5362.28;1235.3;;;2097.9;;0;;;
S21Q2 ;Padre;SF;Dis;1180;0.777787995;0.652440624;0;2813.5;0;;;;0;;;;;;;;;;;;;;;;;1805.39;1008.11;;;;7186.5;;0;;;
S21Q3 ;Padre;SF;Dis;1185;1.151013567;0.654552934;0;7084.12;243.47;;;;243.47;;;;;;;;;;;;;;;;;4519.76;2564.36;;;;2672.41;;0;;;
S22Q1 ;Padre;SF;Dis;2565;0.955847324;0.614959629;0;4392.25;0;;;;0;;;;;;;;;;;;;;;;1339.2;;3053.05;;;;5607.75;;0;;;
S22Q2 ;Padre;SF;Dis;2570;0.5850104;0;0;7282.31;0;;;;0;;;;;;;;;;;;;;;7282.31;;;;;;;2717.69;;0;;;
S22Q3 ;Padre;SF;Dis;2575;0.179452577;0;0;0;0;;;;0;;;;;;;;;;;;;9563.25;;;;;;;;;436.75;;0;;;
S23Q1 ;Padre;SF;Dis;2625;0.577225659;0;0;2062.08;134.88;;;;134.88;;;;;;;;;;;;;;;;;;;;2062.08;;7803.04;;0;;;
S23Q2 ;Padre;SF;Dis;2630;0.412778526;0;0;1443.48;0;;;;0;;;;;;;;;;;;;;;;;;;;1443.48;;8556.52;;0;;;
S23Q3 ;Padre;SF;Dis;2635;0.074868715;0;0;0;142.84;;;;142.84;;;;;;;;;;;;;;;;;;;;;;9857.16;;0;;;
S24Q1 ;Padre;SF;Dis;2655;0;0;0;0;0;;;;0;;;;;;;;;;;;;;;;;;;;;;10000;;0;;;
S24Q2 ;Padre;SF;Dis;2660;0.225804792;0;0;595.78;0;;;;0;;;;595.78;;;;;;;;;;;;;;;;;;9404.22;;0;;;
S24Q3 ;Padre;SF;Dis;2665;0;0;0;0;0;;;;0;;;;;;;;;;;;;;;;;;;;;;10000;;0;;;
S25Q1 ;Padre;SF;Dis;2670;0;0;0;10000;0;;;;0;;;;;;;;;;;;;;;;;;10000;;;;;;0;;;
S25Q2 ;Padre;SF;Dis;2675;0;0;0;0;0;;;;0;;;;;;;;;;;;;;;;;;;;;10000;;;0;;;
S25Q3 ;Padre;SF;Dis;2680;0.681443107;0;0;4236.51;0;;;;0;;;;;;;;;;;;;;;;;;;4236.51;;;5763.49;;0;;;
S26Q1 ;Padre;SF;Dis;2750;0.374753191;0;0;1239.66;0;;;;0;;;;;;;;;;;;;;;;1239.66;;;;;;8760.34;;0;;;
S26Q2 ;Padre;SF;Dis;2755;0;0;0;0;0;;;;0;;;;;;;;;;;;;;;;;;;;;;10000;;0;;;
S26Q3 ;Padre;SF;Dis;2760;0.610363567;0;0;2994.1;0;;;;0;;;;;;;;;;;;;;;;2994.1;;;;;;7005.9;;0;;;
S27Q1 ;Padre;SF;Dis;2800;1.270324378;0.951175801;0;6654.89;0;;;;0;;;;;;;;;;;;;;;;;3516.55;2386.5;751.84;;3345.11;;;0;;;
S27Q2 ;Padre;SF;Dis;2805;1.323965674;1.014890392;0;7250.3;0;;;;0;;;;;;;;;;;;;;;;3852.37;1580.41;1817.52;;;2749.7;;;0;;;
S27Q3 ;Padre;SF;Dis;2810;0.680728763;0;0;0;0;;;;0;;;;;;;;;;;;;;;;;;;;;4213.65;5786.35;;0;;;
S28Q1 ;Padre;SF;Dis;2950;0.296640225;0;0;874.68;0;;;;0;;;;;;;;;;;;;;;;;;;;;;9125.32;;0;;874.68;
S28Q2 ;Padre;SF;Dis;2955;0;0;0;0;0;;;;0;;;;;;;;;;;;;;;;;;;;;;10000;;0;;;
S28Q3 ;Padre;SF;Dis;2960;0;0;0;0;0;;;;0;;;;;;;;;;;;;;;;;;;;;;10000;;0;;;
S29Q1 ;Padre;SF;Dis;3070;1.240592121;0.930988456;0;6184.6;0;;;;0;;;;;;;;;;;;;;;;;;1024.43;3794.93;1365.24;;3815.4;;0;;;
S29Q2 ;Padre;SF;Dis;3075;0.549603481;0;0;2387.23;0;;;;0;;;;;;;;;;;;;;;;;;;;2387.23;;7612.77;;0;;;
S29Q3 ;Padre;SF;Dis;3080;0.668809329;0;0;6098.63;0;;;;0;;;;;;;;;;;;;;;;;;;;6098.63;;3901.37;;0;;;
S30Q1 ;Padre;SF;Dis;3190;1.072403368;0.667463621;0;7239.19;0;;;;0;;;;;;;;;;;;;;;;;4436.42;2802.77;;;;2760.81;;0;;;
S30Q2 ;Padre;SF;Dis;3195;0.413537693;0;0;1447.75;0;;;;0;;;;;;;;;;;;;;;;;;;1447.75;;;8552.25;;0;;;
S30Q3 ;Padre;SF;Dis;3200;0.677707771;0;0;0;0;;;;0;;;;;;;;;;;;;;;;;;;;;5876.35;4123.65;;0;;;
S31Q1 ;Padre;SF;Dis;3390;1.531980079;1.29513156;0;7421.59;0;;;;0;;;;;;;;;;;;;;;;3167.63;;1906.07;1092.93;1254.96;;2578.41;;0;;;
S31Q2 ;Padre;SF;Dis;3395;1.327968141;1.029608376;0;6836.07;0;;;;0;;;;;;;;;;;;;;2103.2;;;1338.82;;3394.05;;;3163.93;;0;;;
S31Q3 ;Padre;SF;Dis;3400;0.500402424;0;0;0;0;;;;0;;;;;;;;;;;;;;;;;;;;;2000;8000;;0;;;
S32Q1 ;Padre;SF;Dis;3640;0;0;0;0;0;;;;0;;;;;;;;;;;;;;;;;;;;;;10000;;0;;;
S32Q2 ;Padre;SF;Dis;3645;0;0;0;0;0;;;;0;;;;;;;;;;;;;;;;;;;;;;10000;;0;;;
S32Q3 ;Padre;SF;Dis;3650;0.979494579;0.598320311;0;4799.32;0;;;;0;;;;;;;;;;;;;;;;;;3427.82;1371.5;;;5200.68;;0;;;
S33Q1 ;Padre;SF;Dis;3690;1.065303742;0.685798527;0;5499.5;0;;;;0;;;;;;;;;;;;;;;;;;2416.8;3082.7;;;4500.5;;0;;;
S33Q2 ;Padre;SF;Dis;3695;0.556166885;0.627112909;0;1671.53;0;;;;0;;;;;;;;;;;;;;;;;;;535.43;1136.1;;8328.47;;0;;;
S33Q3 ;Padre;SF;Dis;3700;0;0;0;0;0;;;;0;;;;;;;;;;;;;;;;;;;;;;10000;;0;;;
S34Q1 ;Padre;SF;Dis;3690;0.960062393;0.588186842;0;8129.74;0;;;;0;;;;;;;;;;;;;;;;5893.91;;;2235.83;;;1870.26;;0;;;
S34Q2 ;Padre;SF;Dis;3695;0;0;0;0;0;;;;0;;;;;;;;;;;;;;;;;;;;;;10000;;0;;;
S34Q3 ;Padre;SF;Dis;3700;0.954352106;0;0;1730.35;0;;;;0;;;;;;;;;;;;;;;;1730.35;;;;;2351.21;5918.44;;0;;;
S35Q1 ;Padre;SF;Dis;3900;0.668496483;0;0;0;0;;;;0;;;;;;;;;;;;;;;;;;;;;3894.39;6105.61;;0;;;
S35Q2 ;Padre;SF;Dis;3905;0.693134216;0;0;0;0;;;;0;;;;;;;;;;;;;;;;;;;;;4974.54;5025.46;;0;;;
S35Q3 ;Padre;SF;Dis;3910;1.468144979;1.339828557;0;9519.73;0;;;;0;;;;;;;;;;;;;;;;;2048.94;3531.8;2412.87;1526.12;;480.27;;0;;;
S36Q1 ;Padre;SF;Dis;3950;0.41158435;0;0;1436.78;0;;;;0;;;;;;;;;;;;;;;;;;;1436.78;;;8563.22;;0;;;
S36Q2 ;Padre;SF;Dis;3955;0.311251729;0.59549576;0;750.66;0;;;;0;;;;;;;;;;;;;;;;;;212.22;538.44;;;9249.34;;0;;;
S36Q3;Padre;SF;Dis;3960;0.684264106;0;0;4334.54;0;;;;0;;;;;;;;;;;;;;;;;;;4334.54;;;5665.46;;0;;;
S37Q1 ;Padre;SF;Dis;4120;1.554560185;1.325909461;0;7411.93;0;;;;0;;;;;;;;;;;;;;;;1021.8;2709.19;;1532.96;2147.98;;2588.07;;0;;;
S37Q2 ;Padre;SF;Dis;4125;1.564063496;1.350816882;0;7164.4;0;;;;0;;;;;;;;;;;;;;;;;1496.04;1185.19;2367.33;2115.84;;2835.6;;0;;;
S37Q3 ;Padre;SF;Dis;4130;1.34278438;1.319072364;0;4925.79;0;;;;0;;;;;;;;;;;;;;;;;784.88;902.25;1974.36;1264.3;;5074.21;;0;;;
S38Q1 ;Padre;SF;Dis;3765;0.138066993;0;0;309.61;0;;;;0;;;;;;;;;;;;;;;;;;;;;;9690.39;;0;;309.61;
S38Q2 ;Padre;SF;Dis;3770;0.193213565;0;0;482.11;0;;;;0;;;;;;;;;;;;;;;;;;;;;;9517.89;;0;;482.11;
S38Q3 ;Padre;SF;Dis;3775;0.299768592;0.323499071;0;782.43;0;;;;0;;;;;;;;;;;;;;;;;;;77.68;;;9217.57;;0;;704.75;
S39Q1 ;Padre;SF;Dis;3640;0.673011667;0;0;0;0;;;;0;;;;;;;;;;;;4000;;;;;;;;;;6000;;0;;;
S39Q2 ;Padre;SF;Dis;3645;0;0;0;0;0;;;;0;;;;;;;;;;;;;;;;;;;;;;10000;;0;;;
S39Q3 ;Padre;SF;Dis;3650;0;0;0;0;0;;;;0;;;;;;;;;;;;;;;;;;;;;;10000;;0;;;
S40Q1 ;Padre;SF;Dis;3260;1.260788401;0.682340325;0;3869.49;0;;;;0;;;;;;;;;;;;;;;;;1650.82;;2218.67;;1400.04;4730.47;;0;;;
S40Q2 ;Padre;SF;Dis;3265;0.571731709;0;0;7412.63;0;;;;0;;;;;;;;;;;;;;;;;;;7412.63;;;2587.37;;0;;;
S40Q3 ;Padre;SF;Dis;3270;0.857111183;0;0;1000;0;;;;0;;;;;;;;;;;;;;;;;;;;;;2502.83;6497.17;0;;1000;
S41Q1 ;Padre;SF;Dis;3210;1.027814501;0.630381812;0;5347.25;0;;;;0;;;;;;;;;;;;;;;;;3610.85;1736.4;;;;4652.75;;0;;;
S41Q2 ;Padre;SF;Dis;3215;0.984827949;0.533127355;0;6974.87;0;;;;0;;;;;;;;;;;;;;;;;5405.73;1569.14;;;;3025.13;;0;;;
S41Q3 ;Padre;SF;Dis;3220;1.025038489;0.650386751;0;5106.47;0;;;;0;;;;;;;;;;;;;;;;3294.53;1811.94;;;;;4893.53;;0;;;
S42Q1 ;Padre;SF;Dis;25;1.376226604;0.686961577;0;4500;0;;;;0;;;;;;;;;;;;;;;;;;;2500;2000;3000;2500;;0;;;
S42Q2 ;Padre;SF;Dis;30;0.518186213;0.336495758;0;9500;0;;;;0;;;;;;;;;;;;;;;;;;;;1000;500;;;8500;;;
S42Q3 ;Padre;SF;Dis;35;1.160578861;0.22251685;0;4530.33;0;;;;0;;;;;;;;;;;;;;;;;;;;4265.8;3203.93;2265.74;;264.53;;;
S43Q1 ;Padre;SF;Dis;80;0.897286311;0.351874886;0;8112.57;765.22;;;;765.22;;;;;;;;;;;;;;;;;7199.26;;;913.31;1122.21;;;0;;;
S43Q2 ;Padre;SF;Dis;85;1.34663152;1.07330299;0;6534.43;0;;;;0;;;;;;;;;;;;;3465.57;;;;2651.95;2358.68;1523.8;;;;;0;;;
S43Q3 ;Padre;SF;Dis;90;1.495662302;0;0.947757155;2073.67;2173.01;;;;2173.01;;;;;;;;;;;;;4401.12;;;;;;;2073.67;1352.2;;;0;;;
S44Q1 ;Padre;SF;Dis;80;0;0;0;10000;0;;;;0;;;;;;;;;;;;;;;;;;;;;;;;10000;;;
S44Q2 ;Padre;SF;Dis;85;0;0;0;0;0;;;;0;;;;;;;;;;;;;;;;;;;;;;;;0;10000;;
S44Q3 ;Padre;SF;Dis;90;1.307706567;0.676231262;0;3678.73;0;;;;0;;;;;;;;;;;;;;;;;;;1502;2176.73;4231.8;2089.47;;0;;;
S45Q1 ;Padre;SF;Dis;25;0.898784941;0.482961396;0;7860.38;0;;;;0;;;;;;;;;;;;;;;;;;1475.88;;6384.5;2139.62;;;0;;;
S45Q2 ;Padre;SF;Dis;30;0.574108615;0;0;2610.08;0;;;;0;;;;;;;;;;;;;;;;;;;2610.08;;;;;0;7389.92;;
S45Q3 ;Padre;SF;Dis;35;0.728826432;0.391911376;0;8900;100;;;;100;;;;;;;;;;;;;;;;;;600;300;;;1000;;8000;;;
S46Q1 ;Padre;SF;Dis;45;1.085755821;0.605916404;1.015975427;8520.34;1479.66;;;;1479.66;;;;;;;;;;;;;;;;;2507.14;6013.2;;;;;;0;;;
S46Q2 ;Padre;SF;Dis;50;1.459814016;1.091155518;0;7076.47;0;;;;0;;;;;;;;;;;;;;;;;;2470.67;2637.61;;2681.74;241.79;;1968.19;;;
S46Q3 ;Padre;SF;Dis;55;0;0;0;0;0;;;;0;;;;;;;;;;;;;;;;;;;;;;;;0;10000;;
S47Q1;Padre;SF;Dis;70;1.633433548;1.303276783;0;5435.82;966.61;966.61;;;0;;;;;;;;;;;;;;;;;558.17;1245.4;1893.44;1738.81;3597.57;;;0;;;
S47Q2 ;Padre;SF;Dis;75;0.600872629;0.600872629;0;10000;0;;;;0;;;;;;;;;;;;;;;7114.23;;;;;2885.77;;;;0;;;
S47Q3 ;Padre;SF;Dis;80;1.148687824;1.148687824;0;10000;0;;;;0;;;;;;;;;;;;;;;;3180.88;;833.33;4985.79;1000;;;;0;;;
S48Q1;Padre;SF;Dis;3740;0.688501017;0;0;5481.61;0;;;;0;;;;;;;;;;;;;;;;;;;;5481.61;;4518.39;;0;;;
S48Q2 ;Padre;SF;Dis;3745;1.096067328;0.693147181;0;7000;0;;;;0;;;;;;;;;;;;;;;;;;3500;3500;;;3000;;0;;;
S48Q3 ;Padre;SF;Dis;3750;0.540105472;0.066521614;0;8100;0;;;;0;;;;;;;;;;;;;;;;;;100;8000;;;1900;;0;;;
S49Q1 ;Padre;SF;Dis;3790;0;0;0;0;0;;;;0;;;;;;;;;;;;;;;;;;;;;;10000;;0;;;
S49Q2 ;Padre;SF;Dis;3795;1.046013462;0.663617279;0;7775.05;0;;;;0;;;;;;;;;;;;;;;4827.6;;;2947.45;;;;2224.95;;0;;;
S49Q3 ;Padre;SF;Dis;3800;0;0;0;0;0;;;;0;;;;;;;;;;;;;;;;;;;;;;10000;;0;;;
S50Q1 ;Padre;SF;Dis;3910;0;0;0;0;0;;;;0;;;;;;;;;;;;;;;;;;;;;;10000;;0;;;
S50Q2 ;Padre;SF;Dis;3915;0;0;0;0;0;;;;0;;;;;;;;;;;;;;;;;;;;;;10000;;0;;;
S50Q3 ;Padre;SF;Dis;3920;0;0;0;0;0;;;;0;;;;;;;;;;;;;;;;;;;;;;10000;;0;;;
S51Q1 ;Padre;SF;Dis;4020;0.676290173;0;0;0;0;;;;0;;;;;;;;;;;;;;;;;;;;;5915.48;4084.52;;0;;;
S51Q2 ;Padre;SF;Dis;4025;0;0;0;0;0;;;;0;;;;;;;;;;;;;;;;;;;;;10000;;;0;;;
S51Q3 ;Padre;SF;Dis;4030;0;0;0;0;0;;;;0;;;;;;;;;;;;;;;;;;;;;10000;;;0;;;
S52Q1;Padre;SF;Dis;4140;0.336135738;0;0;1050.95;0;;;;0;;;;;;;;;;;;;;;;;;1050.95;;;;8949.05;;0;;;
S52Q2 ;Padre;SF;Dis;4145;0.494008491;0;0;1954.35;0;;;;0;;;;;;;;;;;;;;;;1954.35;;;;;;8045.65;;0;;;
S52Q3 ;Padre;SF;Dis;4150;0;0;0;0;0;;;;0;;;;;;;;;;;;;;;;;;;;;;10000;;0;;;
S53Q1;Padre;SF;Dis;4240;0.507216945;0;0;7950.29;0;;;;0;;;;;;;;;;;;;;;;;;;;;;2049.71;;7950.29;;;
S53Q2 ;Padre;SF;Dis;4245;0.600040446;0;0;0;0;;;;0;;;;;;;;;;;;;;;;;;;;;;7123.43;2876.57;0;;;
S53Q3 ;Padre;SF;Dis;4250;0;0;0;0;0;;;;0;;;;;;;;;;;;;;;;;;;;;;10000;;0;;;
S01Q1;Escrevida;SF;Dis;21;0;0;0;0;0;;;;0;;;;;;;;;;;;;10000;;;;;;;;;;;0;;;
S01Q2;Escrevida;SF;Dis;26;0.551540561;0;0;0;0;;;;0;;;;;;;;;;;;;7596;;;;;;;;;2404;;0;;;
S01Q3;Escrevida;SF;Dis;31;0;0;0;0;0;;;;0;;;;;;;;;;;;;10000;;;;;;;;;;;0;;;
S02Q1;Escrevida;SF;Dis;48;0.500402424;0;0;0;0;;;;0;;;;;;;;;;;;;8000;;;;;;;;;2000;;0;;;
S02Q2;Escrevida;SF;Dis;53;0;0;0;0;0;;;;0;;;;;;;;;;;;;;;;;;;;;;10000;;0;;;
S02Q3;Escrevida;SF;Dis;58;0.610864302;0;0;3000;0;;;;0;;;;;;;;;;;;;;;;;;;;3000;;7000;;0;;;
S03Q1;Escrevida;SF;Dis;75;0.673011667;0;0;0;0;;;;0;;;;;;;;;;;;;4000;;;;;;;;;6000;;0;;;
S03Q2;Escrevida;SF;Dis;80;0.610864302;0;0;0;0;;;;0;;;;;;;;;;;;;3000;;;;;;;;;7000;;0;;;
S03Q3;Escrevida;SF;Dis;85;0.693147181;0;0;0;0;;;;0;;;;;;;;;;;;;5000;;;;;;;;;5000;;0;;;
S04Q1;Escrevida;SF;Dis;59.5;0;0;0;0;0;;;;0;;;;;;;;;;;;;10000;;;;;;;;;;;0;;;
S04Q2;Escrevida;SF;Dis;64.5;0.610864302;0;0;3000;0;;;;0;;;;;;;;;;;;;7000;;;;;;;;;;;3000;;;
S04Q3;Escrevida;SF;Dis;69.5;0.673011667;0.673011667;0;10000;0;;;;0;;;;;;;;;;;;;;;;;;6000;4000;;;;;0;;;
S05Q1;Escrevida;SF;Dis;93.5;0.325082973;0;0;0;0;;;;0;;;;;;;;;;;;;9000;;;;;;;;;1000;;0;;;
S05Q2;Escrevida;SF;Dis;98.5;0.500402424;0;0;0;0;;;;0;;;;;;;;;;;;;8000;;;;;;;;;2000;;0;;;
S05Q3;Escrevida;SF;Dis;103.5;0.500402424;0;0;0;0;;;;0;;;;;;;;;;;;;2000;;;;;;;;;8000;;0;;;
S06Q1;Escrevida;SF;Dis;138.2;0;0;0;0;0;;;;0;;;;;;;;;;;;;10000;;;;;;;;;;;0;;;
S06Q2;Escrevida;SF;Dis;143.2;0;0;0;0;0;;;;0;;;;;;;;;;;;;10000;;;;;;;;;;;0;;;
S06Q3;Escrevida;SF;Dis;148.2;0;0;0;0;0;;;;0;;;;;;;;;;;;;;;;;;;;;;10000;;0;;;
S07Q1;Escrevida;SF;Dis;185.2;0.63903186;0;0;1000;1000;1000;;;0;;;;;;;;;;;;;;;;;;1000;;;;8000;;0;;;
S07Q2;Escrevida;SF;Dis;190.2;0;0;0;0;0;;;;0;;;;;;;;;;;;;;;;;;;;;;10000;;0;;;
S07Q3;Escrevida;SF;Dis;195.2;0.325082973;0;0;1000;0;;;;0;;;;;;;;;;;;;;;;;;1000;;;;9000;;0;;;
S08Q1;Escrevida;SF;Dis;208.5;0.693147181;0;0;0;0;;;;0;;;;;;;;;;;;5000;;;;;;;;;;5000;;0;;;
S08Q2;Escrevida;SF;Dis;213.5;0.198515243;0;0;500;0;;;;0;;;;;;;;;;;;;;;;;;;500;;;9500;;0;;;
S08Q3;Escrevida;SF;Dis;218.5;0.610864302;0;0;7000;0;;;;0;;;;;;;;;;;;;;;;;7000;;;;;3000;;0;;;
S01Q1;Labirinto;SF;Dis;13;0.746032665;0.576334128;0;9500;0;;;;0;;;;;;;;;;;;;;;;2500;7000;;;;;500;;0;;;
S01Q2;Labirinto;SF;Dis;18;1.51514733;1.031583719;1.039720771;2800;2000;;;;2000;;;;;;;;;;;;;;;;;;1300;1000;500;;5200;;0;;;
S01Q3;Labirinto;SF;Dis;23;0.198515243;0;0;0;500;;;;500;;;;;;;;;;;;;;;;;;;;;;9500;;0;;;
S02Q1;Labirinto;SF;Dis;14;0;0;0;0;0;;;;0;;;;;;;;;;;;;;;;;;;;;;10000;;0;;;
S02Q2;Labirinto;SF;Dis;19;0;0;0;0;0;;;;0;;;;;;;;;;;;;;;;;;;;;;10000;;0;;;
S02Q3;Labirinto;SF;Dis;24;0;0;0;0;0;;;;0;;;;;;;;;;;;;;;;;;;;;;10000;;0;;;
S03Q1;Labirinto;SF;Dis;14;0.897945725;0;0;1000;3000;;;;3000;;;;;;;;;;;;;;;;;;;1000;;;6000;;0;;;
S03Q2;Labirinto;SF;Dis;19;0.612869452;0;0;500;1500;;;;1500;;;;;;;;;;;;;;;;;;;;500;;8000;;0;;;
S03Q3;Labirinto;SF;Dis;24;0.950270539;0;0;2000;2000;;;;2000;;;;;;;;;;;;;;;;;;;;2000;;6000;;0;;;
S04Q1;Labirinto;SF;Dis;56;0.198515243;0;0;0;500;;;;500;;;;;;;;;;;;;;;;;;;;;;9500;;0;;;
S04Q2;Labirinto;SF;Dis;61;1.058702322;0;0.679193266;1000;1200;;;;1200;;;;;;;;;;;;;;;;;;;;1000;1000;6800;;0;;;
S04Q3;Labirinto;SF;Dis;66;0.198515243;0;0;0;500;;;;500;;;;;;;;;;;;;;;;;;;;;;9500;;0;;;
S05Q1;Labirinto;SF;Dis;10;0.386169404;0.610864302;0;1000;0;;;;0;;;;;;;;;;;;;;;;700;;;;300;;9000;;0;;;
S05Q2;Labirinto;SF;Dis;15;0.375123216;0.500402424;0;1000;0;;;;0;;;;;;;;;;;;;;;;;;;200;800;;9000;;0;;;
S05Q3;Labirinto;SF;Dis;20;0;0;0;0;0;;;;0;;;;;;;;;;;;;;;;;;;;;;10000;;0;;;
S06Q1;Labirinto;SF;Dis;16;0.098039113;0;0;200;0;;;;0;;;;;;;;;;;;;;;;;;;200;;;9800;;0;;;
S06Q2;Labirinto;SF;Dis;21;0.198515243;0;0;500;0;;;;0;;;;;;;;;;;;;;;;;;;500;;;9500;;0;;;
S06Q3;Labirinto;SF;Dis;26;0.455956937;0.994923633;0;1100;0;;;;0;;;;;;;;;;;;;;;;;;600;300;200;;8900;;0;;;
S07Q1;Labirinto;SF;Dis;30;0.693147181;0;0;5000;0;;;;0;;;;;;;;;;;;;;;;;;;5000;;;5000;;0;;;
S07Q2;Labirinto;SF;Dis;35;0.777661296;0.609627424;0;9500;0;;;;0;;;;;;;;;;;;;;;;8000;;500;500;500;;500;;0;;;
S07Q3;Labirinto;SF;Dis;40;1.009952672;1.054920168;0;2500;200;;;;200;;;;;;;;;;;;;;;;;;1000;1000;500;200;7100;;0;;;
S01Q1;Boqueirao;SF;Dis;22;0.855688667;0;0;500;0;;;;0;;;;;;;;;;;;;5000;;;;500;;;;;4500;;0;;;
S01Q2;Boqueirao;SF;Dis;27;0;0;0;0;0;;;;0;;;;;;;;;;;;;10000;;;;;;;;;;;0;;;
S01Q3;Boqueirao;SF;Dis;32;0;0;0;10000;0;;;;0;;;;;;;;;;;;;;;;;;;;;;;;10000;;;
S02Q1;Boqueirao;SF;Dis;51;0.394397691;0;0;500;500;;;;500;;;;;;;;;;;;;;;;;;;;;;9000;;0;;500;
S02Q2;Boqueirao;SF;Dis;56;0.167944148;0;0;400;0;;;;0;;;;;;;;;;;;;;;;;;;;;;9600;;0;;400;
S02Q3;Boqueirao;SF;Dis;61;0.167944148;0;0;400;0;;;;0;;;;;;;;;;;;;;;;;;;;;;9600;;0;;400;
S03Q1;Boqueirao;SF;Dis;22.22;0.325082973;0;0;1000;0;;;;0;;;;;;;;;;;;;;;;;;;;;;9000;;0;;1000;
S03Q2;Boqueirao;SF;Dis;27.22;0.253638947;0;0;700;0;;;;0;;;;;;;;;;;;;;;;;;;;;;9300;;0;;700;
S03Q3;Boqueirao;SF;Dis;32.22;0.325082973;0;0;1000;0;;;;0;;;;;;;;;;;;;;;;;;;;;;9000;;0;;1000;
S04Q1;Boqueirao;SF;Dis;16.66;0.855688667;0;0;500;4500;4500;;;0;;;;;;;;;;;;;;;;;;;;;;5000;;0;;500;
S04Q2;Boqueirao;SF;Dis;21.66;0.325082973;0;0;1000;0;;;;0;;;;;;;;;;;;;;;;;;;;;;9000;;0;;1000;
S04Q3;Boqueirao;SF;Dis;26.66;0.325082973;0;0;1000;0;;;;0;;;;;;;;;;;;;;;;;;;;;;9000;;0;;1000;
S05Q1;Boqueirao;SF;Dis;82;0;0;0;0;0;;;;0;;;;;;;;;;;;;10000;;;;;;;;;;;0;;;
S05Q2;Boqueirao;SF;Dis;87;0;0;0;0;0;;;;0;;;;;;;;;;;;;;;;;;;;;;10000;;0;;;
S05Q3;Boqueirao;SF;Dis;92;0.673011667;0;0;0;0;;;;0;;;;;;;;;;;;;6000;;;;;;;;;4000;;0;;;
S06Q1;Boqueirao;SF;Dis;47.57;0.855688667;0;0;500;0;;;;0;;;;;;;;;;;;;;;;;;;;;4500;5000;;0;;500;
S06Q2;Boqueirao;SF;Dis;52.57;0.226967523;0;0;600;0;;;;0;;;;;;;;;;;;;;;;;;;;;;9400;;0;;600;
S06Q3;Boqueirao;SF;Dis;57.57;0.226967523;0;0;600;0;;;;0;;;;;;;;;;;;;;;;;;;;;;9400;;0;;600;
S07Q1;Boqueirao;SF;Dis;7.4;0.198515243;0;0;9500;0;;;;0;;;;;;;;;;;;;;;;9500;;;;;;500;;0;;;
S07Q2;Boqueirao;SF;Dis;12.4;0;0;0;10000;0;;;;0;;;;;;;;;;;;;;;;10000;;;;;;;;0;;;
S07Q3;Boqueirao;SF;Dis;17.4;0.897945725;0;0;6000;0;;;;0;;;;;;;;;;;;3000;;;6000;;;;;;;1000;;0;;;
S01Q1;B_Verde;SF;Dis;12.7;0.325082973;0;0;1000;0;;;;0;;;;;;;;;;;;;;;;;;;;;;9000;;0;;1000;
S01Q2;B_Verde;SF;Dis;17.7;0.134742168;0;0;300;0;;;;0;;;;;;;;;;;;;;;;;;;;;;9700;;0;;300;
S01Q3;B_Verde;SF;Dis;22.7;0.701682788;0;0;200;0;;;;0;;;;;;;;;;;;;;;;;;;;;3000;6800;;0;;200;
S02Q1;B_Verde;SF;Dis;3.3;0.401345309;0;0;100;1100;;;;1100;;;;;;;;;;;;;;;;;;;;;;8800;;0;;100;
S02Q2;B_Verde;SF;Dis;8.3;0.278769372;0;0;800;0;;;;0;;;;;;;;;;;;;;;;;;;;;;9200;;0;;800;
S02Q3;B_Verde;SF;Dis;13.3;0.950270539;0.693147181;0;4000;0;;;;0;;;;;;;;;;;;;;;;;;;2000;2000;;6000;;0;;;
S03Q1;B_Verde;SF;Dis;3.77;0.325082973;0;0;1000;0;;;;0;;;;;;;;;;;;;;;;;;;;;;9000;;0;;1000;
S03Q2;B_Verde;SF;Dis;3.77;0.278769372;0;0;800;0;;;;0;;;;;;;;;;;;;;;;;;;;;;9200;;0;;800;
S03Q3;B_Verde;SF;Dis;8.77;0.708346578;0;0.636514168;500;1500;;;;1500;;;;;;;;;;;;;;;;;;500;;;;8000;;0;;;
S01Q1;C_Flor;SF;Dis;15;0.610864302;0;0;7000;0;;;;0;;;;;;;;;;;;;;;7000;;;;;;;3000;;0;;;
S01Q2;C_Flor;SF;Dis;20;1.639956646;1.277034259;0;7000;0;;;;0;;;;;;;;;;;;;;;;3000;2000;;1000;1000;500;2500;;0;;;
S01Q3;C_Flor;SF;Dis;25;1.076329753;0.689906792;0;8700;0;;;;0;;;;;;;;;;;;;;;;;4000;;;;700;600;;4700;;;
S02Q1;C_Flor;SF;Dis;64;0.708346578;0.348832096;0;9000;0;;;;0;;;;;;;;;;;;;;;;;;;8000;1000;500;500;;0;;;
S02Q2;C_Flor;SF;Dis;69;1.193549604;0.500402424;0;5000;0;;;;0;;;;;;;;;;;;;;;;;;;4000;1000;1000;4000;;0;;;
S02Q3;C_Flor;SF;Dis;74;0;0;0;10000;0;;;;0;;;;;;;;;;;;;;;;;;;;;;;;10000;;;
S03Q1;C_Flor;SF;Dis;80;1.279854226;1.011404265;0;6000;0;;;;0;;;;;;;;;;;;;;;;;;3000;1000;2000;4000;;;0;;;
S03Q2;C_Flor;SF;Dis;85;0.500402424;0.500402424;0;10000;0;;;;0;;;;;;;;;;;;;;;;;;2000;;;;;;8000;;;
S03Q3;C_Flor;SF;Dis;90;1.504788284;1.011404265;0;6000;0;;;;0;;;;;;;;;;;;;;;;;;3000;;1000;1000;3000;;2000;;;
S01Q1;S_Geraldo;SF;Dis;14;1.094056457;0.636514168;0;1500;0;;;;0;;;;;;;;;;;;5000;;;;;;500;1000;;3500;;;0;;;
S01Q2;S_Geraldo;SF;Dis;19;0.746032665;0;0;500;0;;;;0;;;;;;;;;;;;7000;;;;;;;500;;2500;;;0;;;
S01Q3;S_Geraldo;SF;Dis;24;1.067093895;0.673011667;0;7500;0;;;;0;;;;;;;;;;;;;;;;;;;3000;4500;2500;;;0;;;
S02Q1;S_Geraldo;SF;Dis;63;0.500402424;0;0;0;8000;8000;;;0;;;;;;;;;;;;;;;;;;;;;;2000;;0;;;
S02Q2;S_Geraldo;SF;Dis;67;0.612869452;0;0;500;8000;8000;;;0;;;;;;;;;;;;;;;;;;500;;;;1500;;0;;;
S02Q3;S_Geraldo;SF;Dis;73;0.612869452;0;0;500;8000;8000;;;0;;;;;;;;;;;;;;;;;;;500;;;1500;;0;;;
S03Q1;S_Geraldo;SF;Dis;79;1.504788284;0.950270539;0;5000;0;;;;0;;;;;;;;;;;;;;;;;;;1000;1000;2000;3000;;0;;3000;
S03Q2;S_Geraldo;SF;Dis;84;0.708346578;0.636514168;0;1500;0;;;;0;;;;;;;;;;;;;;;;;;;1000;500;500;8000;;0;;;
S03Q3;S_Geraldo;SF;Dis;89;0.635004757;0;0;0;1200;1200;;;0;;;;;;;;;;;;;;;;;;;;;8000;800;;0;;;
S01Q1;Tunel2;SF;Dis;10;0.63903186;0.693147181;0;2000;0;;;;0;;;;;;;;;;;;;;;;;;1000;1000;;;8000;;0;;;
S01Q2;Tunel2;SF;Dis;15;0.357591271;0;0;100;0;;;;0;;;;;;;;;;;;;;;;;;;100;;900;9000;;0;;;
S01Q3;Tunel2;SF;Dis;20;0.635004757;0.673011667;0;2000;0;;;;0;;;;;;;;;;;;;;;;;;;1200;800;;8000;;0;;;
S02Q1;Tunel2;SF;Dis;30;0.302537823;0;0;900;0;;;;0;;;;;;;;;;;;;;;;;;;;;;9100;;0;;900;
S02Q2;Tunel2;SF;Dis;35;0;0;0;0;0;;;;0;;;;;;;;;;;;;;;;;;;;;;10000;;0;;;
S02Q3;Tunel2;SF;Dis;40;0.869119719;0.540204142;0;2600;0;;;;0;;;;;;;;;;;;;;;;;;2000;;600;400;7000;;0;;;
S03Q1;Tunel2;SF;Dis;60;0.593927903;0.304636097;0;2200;0;;;;0;;;;;;;;;;;;;;;;;;;200;;;7800;;2000;;;
S03Q2;Tunel2;SF;Dis;65;0.226967523;0;0;600;0;;;;0;;;;;;;;;;;;;;;;;;;;;;9400;;600;;;
S03Q3;Tunel2;SF;Dis;70;0.325082973;0;0;0;0;;;;0;;;;;;;;;;;;;;;;;;;;;1000;9000;;0;;;
S01Q1;G_Cruz;SF;Dis;9.57;0;0;0;10000;0;;;;0;;;;;;;;;;;;;;;;;;10000;;;;;;0;;;
S01Q2;G_Cruz;SF;Dis;14.57;0.63903186;0.63903186;0;10000;0;;;;0;;;;;;;;;;;;;;;;;;8000;1000;1000;;;;0;;;
S01Q3;G_Cruz;SF;Dis;19.57;1.409276943;1.337997785;0;9800;0;;;;0;;;;;;;;;;;;;;;1000;1000;2000;5000;800;;200;;;0;;;
S02Q1;G_Cruz;SF;Dis;35;1.088899975;0.562335145;0;8000;0;;;;0;;;;;;;;;;;;;;;;;;;6000;2000;1000;1000;;0;;;
S02Q2;G_Cruz;SF;Dis;40;1.428551419;0.986899449;0;8000;0;;;;0;;;;;;;;;;;;;;;;;500;500;5000;2000;1000;1000;;0;;;
S02Q3;G_Cruz;SF;Dis;45;1.470808476;1.273028337;0;9000;0;;;;0;;;;;;;;;;;;;;;;;2000;2000;4000;1000;1000;;;0;;;
S01Q1;2Cobras;SF;Dis;11;1.51124735;1.275408379;0;7200;0;;;;0;;;;;;;;;;;;;;;;2200;;1000;3000;1000;2800;;;0;;;
S01Q2;2Cobras;SF;Dis;16;1.116566209;0.540204142;0;1300;1000;;;;1000;;;;;;;;;;;;;;;;;;1000;300;;1300;6400;;0;;;
S01Q3;2Cobras;SF;Dis;21;0.422709088;0;0;1500;0;;;;0;;;;;;;;;;;;;;;;;;1500;;;;8500;;0;;;
S02Q1;2Cobras;SF;Dis;7;0.610864302;0.610864302;0;10000;0;;;;0;;;;;;;;;;;;;;;;;3000;7000;;;;;;0;;;
S02Q2;2Cobras;SF;Dis;12;0;0;0;0;0;;;;0;;;;;;;;;;;;;;;;;;;;;;10000;;0;;;
S02Q3;2Cobras;SF;Dis;17;1.088899975;0.848685558;0;9000;0;;;;0;;;;;;;;;;;;;;;;;;6000;2000;1000;1000;;;0;;;
S01Q1;Cumbra;SF;Dis;10;1.16828245;0;0.562335145;0;4000;;;;4000;;;;;;;;;;;;;;;;;;;;;1000;5000;;0;;;
S01Q2;Cumbra;SF;Dis;15;0.325082973;0;0;1000;0;;;;0;;;;;;;;;;;;;;;;;;;;;;9000;;0;;1000;
S01Q3;Cumbra;SF;Dis;20;0.325082973;0;0;0;1000;;;;1000;;;;;;;;;;;;;;;;;;;;;;9000;;0;;;
S02Q1;Cumbra;SF;Dis;1.89;1.062737568;0.562335145;0;8000;0;;;;0;;;;;;;;;;;;;;;;;2000;6000;;;500;1500;;0;;;
S02Q2;Cumbra;SF;Dis;6.89;1.359236701;0.900256051;0;8000;0;;;;0;;;;;;;;;;;;;;;;;;5000;2000;1000;1000;1000;;0;;;
S02Q3;Cumbra;SF;Dis;11.89;1.695742534;1.277034259;0;7000;0;;;;0;;;;;;;;;;;;;;;;;1000;2000;3000;1000;1000;2000;;0;;;
S01Q1;R_Bovina;SF;Dis;11.9;1.088899975;0;0.636514168;1000;3000;;;;3000;;;;;;;;;;;;;;;;;;;;1000;;6000;;0;;;
S01Q2;R_Bovina;SF;Dis;16.9;0.325082973;0;0;1000;0;;;;0;;;;;;;;;;;;;;;;;;;;;;9000;;0;;1000;
S01Q3;R_Bovina;SF;Dis;21.9;0.198515243;0;0;500;0;;;;0;;;;;;;;;;;;;;;;;;;;;;9500;;0;;500;
S02Q1;R_Bovina;SF;Dis;30;1.359236701;1.33217904;0;5000;0;;;;0;;;;;;;;;;;;;;;;;1000;1000;2000;1000;;5000;;0;;;
S02Q2;R_Bovina;SF;Dis;35;0.394397691;0;0;500;0;;;;0;;;;;;;;;;;;;;;;;;;;;500;9000;;0;;500;
S02Q3;R_Bovina;SF;Dis;40;1.04663222;1.351463773;0;2900;0;;;;0;;;;;;;;;;;;;;;;;;1000;800;500;100;7000;;0;;600;
S01Q1;F_Obliqua;SF;Dis;1.9;0.914285581;0.636514168;0;1500;0;;;;0;;;;;;;;;;;;7000;;;;;;;500;1000;1500;;;0;;;
S01Q2;F_Obliqua;SF;Dis;6.9;0;0;0;0;0;;;;0;;;;;;;;;;;;;10000;;;;;;;;;;;0;;;
S01Q3;F_Obliqua;SF;Dis;11.9;1.359236701;0.900256051;0;8000;0;;;;0;;;;;;;;;;;;;;;;;;5000;2000;1000;1000;1000;;0;;;
S01Q1;Tunel1;SF;Dis;3;1.695742534;1.695742534;0;10000;0;;;;0;;;;;;;;;;;;;;;2000;1000;1000;2000;1000;;;;;3000;;;
S01Q2;Tunel2;SF;Dis;3;0;0;0;0;0;;;;0;;;;;;;;;;;;;;;;;;;;;;10000;;0;;;
S01Q3;Tunel3;SF;Dis;8;0.708346578;0.693147181;0;1000;0;;;;0;;;;;;;;;;;;;;;;;;;500;500;1000;8000;;0;;;
S01Q1;Pajeu;SF;Dis;9;0.936420886;0.689009238;0;2200;800;800;;;0;;;;;;;;;;;;;;;;;;1200;;;;7000;;0;;1000;
S01Q2;Pajeu;SF;Dis;14;0.331694431;0;0;300;500;500;;;0;;;;;;;;;;;;;;;;;;300;;;;9200;;0;;;
S01Q3;Pajeu;SF;Dis;19;1.158214693;0.925701911;0;9000;0;;;;0;;;;;;;;;;;;;;;;;2000;6000;500;500;;1000;;0;;;
S02Q1;Pajeu;SF;Dis;70;1.509944544;1.005466829;0;4800;200;200;;;0;;;;;;;;;;;;;;;;;;2600;1200;1000;4000;1000;;0;;;
S02Q2;Pajeu;SF;Dis;75;1.134078351;0.535959889;0;2200;0;;;;0;;;;;;;;;;;;;;;;;;;500;1700;5300;2500;;0;;;
S02Q3;Pajeu;SF;Dis;80;0.871133271;0;0.693147181;0;1000;500;;;500;;;;;;;;;;;;;;;;;;;;;2000;7000;;0;;;
S03Q1;Pajeu;SF;Dis;115;0.394397691;0;0;500;0;;;;0;;;;;;;;;;;;;;;;;;;;500;500;9000;;0;;;
S03Q2;Pajeu;SF;Dis;120;1.158214693;1.039720771;0;2000;0;;;;0;;;;;;;;;;;;;;;;;;500;500;1000;6000;2000;;0;;;
S03Q3;Pajeu;SF;Dis;125;0.741997161;0.661563238;0;800;1000;1000;;;0;;;;;;;;;;;;;;;;;;500;300;;200;8000;;0;;;
S04Q1;Pajeu;SF;Dis;213;0.68325954;0.465999257;0;1700;100;100;;;0;;;;;;;;;;;;;;;;;;;300;1400;200;8000;;0;;;
S04Q2;Pajeu;SF;Dis;218;1.220607265;0.636514168;0;3000;0;;;;0;;;;;;;;;;;;;;;;;;;1000;2000;2000;5000;;0;;;
S04Q3;Pajeu;SF;Dis;223;1.056647112;0.955699891;0;2100;400;400;;;0;;;;;;;;;;;;;;;;;;300;600;1200;500;7000;;0;;;
S05Q1;Pajeu;SF;Dis;248;0.308910985;0;0;700;0;;;;0;;;;;;;;;;;;;;;;;;;;700;100;9200;;0;;;
S05Q2;Pajeu;SF;Dis;253;1.048653789;0;0;2000;3500;;;;3500;;;;;;;;;;;;;;;;;;;;2000;;4500;;0;;;
S05Q3;Pajeu;SF;Dis;258;1.352100135;1.374485766;0;4800;0;;;;0;;;;;;;;;;;;;;;;1500;;1200;1000;1100;;5200;;0;;;
S01Q1;Leao;SF;Dis;7;1.220607265;1.220607265;0;10000;0;;;;0;;;;;;;;;;;;;;;;;2000;5000;2000;1000;;;;0;;;
S01Q2;Leao;SF;Dis;12;1.470808476;1.273028337;0;9000;1000;;;;1000;;;;;;;;;;;;;;;;;4000;2000;2000;1000;;;;0;;;
S01Q3;Leao;SF;Dis;17;0.897945725;0.897945725;0;10000;0;;;;0;;;;;;;;;;;;;;;;;6000;3000;1000;;;;;0;;;
S02Q1;Leao;SF;Dis;70;1.029653014;0.673011667;0;5000;0;;;;0;;;;;;;;;;;;;;;;;;3000;2000;;;5000;;0;;;
S02Q2;Leao;SF;Dis;75;1.279854226;0.636514168;0;3000;0;;;;0;;;;;;;;;;;;;;;;;;1000;2000;;3000;4000;;0;;;
S02Q3;Leao;SF;Dis;80;0.500402424;0;0;2000;0;;;;0;;;;;;;;;;;;;;;;;;;2000;;;8000;;0;;;
S03Q1;Leao;SF;Dis;33;0.693147181;0;0;5000;0;;;;0;;;;;;;;;;;;;5000;;;;;;;;;;;5000;;;
S03Q2;Leao;SF;Dis;38;0.801818553;0;0;2000;1000;1000;;;0;;;;;;;;;;;;;;;;;;;;;;7000;;2000;;;
S03Q3;Leao;SF;Dis;43;0;0;0;0;0;;;;0;;;;;;;;;;;;;;;;;;;;;;10000;;0;;;
S04Q1;Leao;SF;Dis;100;0.394397691;0;0;500;500;500;;;0;;;;;;;;;;;;;;;;;;500;;;;9000;;0;;;
S04Q2;Leao;SF;Dis;105;0.098039113;0;0;0;200;200;;;0;;;;;;;;;;;;;;;;;;;;;;9800;;0;;;
S04Q3;Leao;SF;Dis;110;0.134742168;0;0;0;300;300;;;0;;;;;;;;;;;;;;;;;;;;;;9700;;0;;;
S01Q1;Grota;RC;Rec;9;0.325082973;0;0;1000;0;;;;0;;;;;;;;;;;;;;;;;;;;;;9000;;0;;1000;
S01Q2;Grota;RC;Rec;14;0.375123216;0;0;800;200;200;;;0;;;;;;;;;;;;;;;;;;;;;;9000;;0;;800;
S01Q3;Grota;RC;Rec;19;0.325082973;0;0;1000;0;;;;0;;;;;;;;;;;;;;;;;;;;;;9000;;0;;1000;
S02Q1;Grota;RC;Rec;26.5;0.331694431;0;0;500;300;300;;;0;;;;;;;;;;;;;;;;;;;;;;9200;;0;;500;
S02Q2;Grota;RC;Rec;31.5;0;0;0;0;0;;;;0;;;;;;;;;;;;;;;;;;;;;;10000;;0;;;
S02Q3;Grota;RC;Rec;36.5;0.098039113;0;0;200;0;;;;0;;;;;;;;;;;;;;;;;;;;;;9800;;0;;200;
S03Q1;Grota;RC;Rec;46;0.500402424;0;0;0;2000;2000;;;0;;;;;;;;;;;;;;;;;;;;;;8000;;0;;;
S03Q2;Grota;RC;Rec;51;0.098039113;0;0;200;0;;;;0;;;;;;;;;;;;;;;;;;;;;;9800;;0;;200;
S03Q3;Grota;RC;Rec;56;1.1240543;0.540204142;0;2600;0;;;;0;;;;;;;;;;;;;;;;;;2000;;600;1800;5600;;0;;;
S01Q1;Salobro;RC;Rec;18.5;1.297241336;0.523586337;0;4600;200;;;;200;;;;;;;;;;;;;;;;;;;1000;3600;4000;1200;;0;;;
S01Q2;Salobro;RC;Rec;23.3;0.983923395;0.253036975;0;4300;600;600;;;0;;;;;;;;;;;;;;;;;;4000;;;;5100;;0;;300;
S01Q3;Salobro;RC;Rec;28.3;0.056001534;0;0;0;100;100;;;0;;;;;;;;;;;;;;;;;;;;;;9900;;0;;;
S02Q1;Salobro;RC;Rec;49;0.673011667;0;0;0;0;;;;0;;;;;;;;;;;;;;;;;;;;;4000;6000;;0;;;
S02Q2;Salobro;RC;Rec;54;1.074099691;0;0;2500;0;;;;0;;;;;;;;;;;;;;;;;;;;2500;3200;4300;;0;;;
S02Q3;Salobro;RC;Rec;59;1.204974949;0.422118633;0;5880;120;;;;120;;;;;;;;;;;;;;;;;;;880;5000;1000;3000;;0;;;
S03Q1;Salobro;RC;Rec;75;0.622575284;0;0;1400;0;;;;0;;;;;;;;;;;;;;;;;;;;1400;600;8000;;0;;;
S03Q2;Salobro;RC;Rec;80;0.787034528;0.693147181;0;2800;0;;;;0;;;;;;;;;;;;;;;;;;;1400;1400;;7200;;0;;;
S03Q3;Salobro;RC;Rec;85;0.692632915;0.683265403;0;2280;0;;;;0;;;;;;;;;;;;;;;;;;;1300;980;;7720;;0;;;
S01Q1;Cedrao;SF;Dis;13;0.730915321;0.682908105;0;1400;650;;;;650;;;;;;;;;;;;;;;;;;;;800;;7950;;0;;600;
S01Q2;Cedrao;SF;Dis;18;1.470726951;0.929239684;0;7350;250;;;;250;;;;;;;;;;;;;;;;;800;5000;270;;530;1870;;1280;;;
S01Q3;Cedrao;SF;Dis;22;1.188889785;0.580495707;0;2320;300;;;;300;;;;;;;;;;;;;;;;;;;1700;620;1600;5780;;0;;;
S02Q1;Cedrao;SF;Dis;46;1.557779392;1.054225522;0;6000;0;;;;0;;;;;;;;;;;;;;;;;;2300;2500;1200;1300;2700;;0;;;
S02Q2;Cedrao;SF;Dis;51;0.843018124;0.675464582;0;3200;0;;;;0;;;;;;;;;;;;;;;;;;1900;;1300;;6800;;0;;;
S02Q3;Cedrao;SF;Dis;56;1.40566906;0.692969171;0;2650;650;650;;;0;;;;;;;;;;;;;;;;;;1350;;1300;4500;2200;;0;;;
S03Q1;Cedrao;SF;Dis;88;0.872852545;0.66248165;0;3450;0;;;;0;;;;;;;;;;;;;;;;;;;1300;;;6550;;2150;;;
S03Q2;Cedrao;SF;Dis;93;0;0;0;10000;0;;;;0;;;;;;;;;;;;;;;;;;;;;;;;10000;;;
S03Q3;Cedrao;SF;Dis;98;1.394518873;1.394518873;0;10000;0;;;;0;;;;;;;;;;;;;;;;4600;2300;1200;1100;800;;;;0;;;
S01Q1;Cedro;SF;Dis;10;0.790551825;0;0;2250;0;;;;0;;;;;;;;;;;;;;;;;;;;2250;800;6950;;0;;;
S01Q2;Cedro;SF;Dis;15;0.954029756;0;0;2700;0;;;;0;;;;;;;;;;;;;;;;;;;;;1500;5800;;2700;;;
S01Q3;Cedro;SF;Dis;20;0.935861521;0;0;6100;0;;;;0;;;;;;;;;;;;;;;;;;;;;1700;2200;;6100;;;
S02Q1;Cedro;SF;Dis;30;1.252404491;0.297370515;0;5810;830;;;;830;;;;;;;;;;;;;;;;;;;510;5300;860;2500;;0;;;
S02Q2;Cedro;SF;Dis;35;0.473349346;0.61937629;0;290;1010;;;;1010;;;;;;;;;;;;;;;;;;90;;;;8700;;0;;200;
S02Q3;Cedro;SF;Dis;40;0;0;0;0;0;;;;0;;;;;;;;;;;;;;;;;;;;;;10000;;0;;;
S01Q1;Cedriculo;SF;Dis;1;1.691045371;1.03730872;0;6700;1200;;;;1200;;;;;;;;;;;;;;;;;;3100;1250;2350;1050;1050;;0;;;
S01Q2;Cedriculo;SF;Dis;6;1.270918104;0.603049352;0.39603309;1890;1110;960;;;150;;;;;;;;;;;;;;;;;;;550;1340;1100;5900;;0;;;
S01Q3;Cedriculo;SF;Dis;11;0.617089773;0.240617468;0;2460;0;;;;0;;;;;;;;;;;;;;;;;;2300;;;;7540;;0;;160;
S01Q1;Cinquentona;SF;Dis;14;1.015822437;0;0;6500;690;;;;690;;;;;;;;;;;;;;;;;;;;6500;1360;1450;;0;;;
S01Q2;Cinquentona;SF;Dis;19;1.30957426;0.482803581;0;6240;520;;;;520;;;;;;;;;;;;;;;;;;300;540;5400;2300;940;;0;;;
S01Q3;Cinquentona;SF;Dis;24;1.411594453;0.613956525;0;4610;210;;;;210;;;;;;;;;;;;;;;1400;;;;;3210;2100;3080;;0;;;
S02Q1;Cinquentona;SF;Dis;42;0.614497111;0;0;690;0;;;;0;;;;;;;;;;;;;;;;;;;;690;1230;8080;;0;;;
S02Q2;Cinquentona;SF;Dis;47;1.123406322;0.808805881;0;5350;0;;;;0;;;;;;;;;;;;;;;;;;450;1250;3650;4650;;;0;;;
S02Q3;Cinquentona;SF;Dis;52;0.18045437;0;0;0;440;;;;440;;;;;;;;;;;;;;;;;;;;;9560;;;0;;;
S01Q1;Escrevidinha;SF;Dis;1;0.923692417;0.494530497;0;2860;510;;;;510;;;;;;;;;;;;;;;;;;;560;2300;6630;;;0;;;
S01Q2;Escrevidinha;SF;Dis;6;0.94812603;0.896236878;0;2590;360;;;;360;;;;;;;;;;;;;;;;;;210;930;1450;7050;;;0;;;
S01Q3;Escrevidinha;SF;Dis;11;1.265163803;0.562335145;0;4800;0;;;;0;;;;;;;;;;;;;;;;;;;1200;3600;1400;3800;;0;;;
S01Q1;Cristal;SF;Dis;22.4;1.350590136;1.01571679;0;8160;120;;120;;0;;;;;;;;;;;;;;;;;;1600;2300;4260;1720;;;0;;;
S01Q2;Cristal;SF;Dis;27.4;1.641415791;1.012675603;0;3000;1300;1300;;;0;;;;;;;;;;;;2500;;;;;;640;760;1600;3200;;;0;;;
S01Q3;Cristal;SF;Dis;32.4;1.694628787;1.340594079;0;5680;1140;1140;;;0;;;;;;;;;;;;;;;;;1100;1500;980;2100;3180;;;0;;;
